<?xml version="1.0" encoding="UTF-8"?>

<channel name="xfce4-panel" version="1.0">
  <property name="configver" type="int" value="2"/>
  <property name="panels" type="array">
    <value type="int" value="1"/>
    <property name="panel-1" type="empty">
      <property name="position" type="string" value="p=6;x=960;y=14"/>
      <property name="length" type="uint" value="100"/>
      <property name="position-locked" type="bool" value="true"/>
      <property name="size" type="uint" value="26"/>
      <property name="plugin-ids" type="array">
        <value type="int" value="6"/>
        <value type="int" value="3"/>
        <value type="int" value="1"/>
        <value type="int" value="4"/>
        <value type="int" value="8"/>
        <value type="int" value="5"/>
        <value type="int" value="2"/>
      </property>
      <property name="disable-struts" type="bool" value="false"/>
      <property name="background-alpha" type="uint" value="100"/>
      <property name="background-style" type="uint" value="0"/>
      <property name="background-color" type="array">
        <value type="uint" value="17733"/>
        <value type="uint" value="18247"/>
        <value type="uint" value="18761"/>
        <value type="uint" value="65535"/>
      </property>
      <property name="enter-opacity" type="uint" value="100"/>
      <property name="leave-opacity" type="uint" value="100"/>
    </property>
  </property>
  <property name="plugins" type="empty">
    <property name="plugin-2" type="string" value="actions">
      <property name="appearance" type="uint" value="0"/>
      <property name="items" type="array">
        <value type="string" value="-lock-screen"/>
        <value type="string" value="-switch-user"/>
        <value type="string" value="-separator"/>
        <value type="string" value="-suspend"/>
        <value type="string" value="-hibernate"/>
        <value type="string" value="-separator"/>
        <value type="string" value="-shutdown"/>
        <value type="string" value="-restart"/>
        <value type="string" value="-separator"/>
        <value type="string" value="+logout"/>
        <value type="string" value="-logout-dialog"/>
      </property>
    </property>
    <property name="plugin-5" type="string" value="clock">
      <property name="digital-format" type="string" value="%a, %d de %b %R"/>
    </property>
    <property name="plugin-8" type="string" value="indicator">
      <property name="known-indicators" type="array">
        <value type="string" value="libappmenu.so"/>
        <value type="string" value="libprintersmenu.so"/>
        <value type="string" value="libapplication.so"/>
        <value type="string" value="com.canonical.indicator.keyboard"/>
        <value type="string" value="com.canonical.indicator.power"/>
        <value type="string" value="com.canonical.indicator.messages"/>
        <value type="string" value="com.canonical.indicator.sound"/>
        <value type="string" value="com.canonical.indicator.bluetooth"/>
        <value type="string" value="com.canonical.indicator.datetime"/>
        <value type="string" value="com.canonical.indicator.session"/>
      </property>
      <property name="blacklist" type="array">
        <value type="string" value="com.canonical.indicator.keyboard"/>
        <value type="string" value="com.canonical.indicator.session"/>
        <value type="string" value="com.canonical.indicator.datetime"/>
        <value type="string" value="libappmenu.so"/>
      </property>
      <property name="single-row" type="bool" value="false"/>
      <property name="align-left" type="bool" value="false"/>
    </property>
    <property name="plugin-4" type="string" value="systray">
      <property name="names-visible" type="array">
        <value type="string" value="diodon"/>
        <value type="string" value="meocloud-gui"/>
        <value type="string" value="copy"/>
        <value type="string" value="qasmixer"/>
        <value type="string" value="ibus panel"/>
        <value type="string" value="indicator-cpufreq"/>
        <value type="string" value="ibus-ui-gtk3"/>
        <value type="string" value="miniaplicativo gerenciador de redes"/>
        <value type="string" value="skype"/>
        <value type="string" value="syncthing-gtk"/>
        <value type="string" value="copyagent"/>
        <value type="string" value="compartilhamento da área de trabalho do gnome"/>
        <value type="string" value="syncthing"/>
        <value type="string" value="deluge"/>
        <value type="string" value="volti"/>
        <value type="string" value="haguichi-indicator"/>
        <value type="string" value="liferea"/>
      </property>
      <property name="show-frame" type="bool" value="false"/>
      <property name="size-max" type="uint" value="26"/>
      <property name="names-hidden" type="array">
      </property>
    </property>
    <property name="plugin-1" type="string" value="separator">
      <property name="style" type="uint" value="0"/>
      <property name="expand" type="bool" value="true"/>
    </property>
    <property name="plugin-3" type="string" value="tasklist">
      <property name="show-handle" type="bool" value="false"/>
      <property name="flat-buttons" type="bool" value="false"/>
    </property>
    <property name="plugin-6" type="string" value="whiskermenu"/>
  </property>
</channel>
