<?xml version="1.0" encoding="UTF-8"?>

<channel name="xsettings" version="1.0">
  <property name="Net" type="empty">
    <property name="ThemeName" type="string" value="Vertex"/>
    <property name="IconThemeName" type="string" value="Numix-Circle"/>
    <property name="DoubleClickTime" type="empty"/>
    <property name="DoubleClickDistance" type="empty"/>
    <property name="DndDragThreshold" type="empty"/>
    <property name="CursorBlink" type="empty"/>
    <property name="CursorBlinkTime" type="empty"/>
    <property name="SoundThemeName" type="empty"/>
    <property name="EnableEventSounds" type="empty"/>
    <property name="EnableInputFeedbackSounds" type="empty"/>
  </property>
  <property name="Xft" type="empty">
    <property name="DPI" type="empty"/>
    <property name="Antialias" type="int" value="1"/>
    <property name="Hinting" type="empty"/>
    <property name="HintStyle" type="string" value="hintfull"/>
    <property name="RGBA" type="string" value="rgb"/>
  </property>
  <property name="Gtk" type="empty">
    <property name="CanChangeAccels" type="empty"/>
    <property name="ColorPalette" type="empty"/>
    <property name="FontName" type="string" value="Proxima Nova Semi-Light 10"/>
    <property name="IconSizes" type="empty"/>
    <property name="KeyThemeName" type="empty"/>
    <property name="ToolbarStyle" type="empty"/>
    <property name="ToolbarIconSize" type="empty"/>
    <property name="MenuImages" type="empty"/>
    <property name="ButtonImages" type="empty"/>
    <property name="MenuBarAccel" type="empty"/>
    <property name="CursorThemeName" type="empty"/>
    <property name="CursorThemeSize" type="empty"/>
    <property name="DecorationLayout" type="string" value="close,minimize,maximize:"/>
  </property>
</channel>
